[{"model": "events.location", "pk": 6, "fields": {"location_name": "Mahadevapura"}}, {"model": "events.location", "pk": 7, "fields": {"location_name": "HSR Layout"}}, {"model": "events.location", "pk": 8, "fields": {"location_name": "Bengaluru City"}}, {"model": "events.category", "pk": 5, "fields": {"category_name": "Health"}}, {"model": "events.category", "pk": 6, "fields": {"category_name": "Environment"}}, {"model": "events.category", "pk": 7, "fields": {"category_name": "Development"}}, {"model": "events.category", "pk": 8, "fields": {"category_name": "Waste Management"}}, {"model": "events.category", "pk": 9, "fields": {"category_name": "Weather"}}, {"model": "events.category", "pk": 10, "fields": {"category_name": "Cultural"}}, {"model": "events.category", "pk": 11, "fields": {"category_name": "Social"}}, {"model": "events.category", "pk": 12, "fields": {"category_name": "Campaign"}}, {"model": "events.category", "pk": 13, "fields": {"category_name": "Alert"}}, {"model": "events.event", "pk": 6, "fields": {"event_source": "Cultural Department", "event_title": "Essay Writing Competition", "event_description": "An essay competition is being organised. The winner will get a reward of 10,000 rupees", "event_image": "images/download_bzpXYhF.jpeg", "event_location": "Orchid's International School", "event_start_date": "2018-07-18", "event_end_date": "2018-07-18", "event_start_time": "14:00:00", "event_end_time": "16:00:00", "pub_date": "2018-07-13T05:30:00Z", "event_category": [10], "publishing_location": [7]}}, {"model": "events.event", "pk": 7, "fields": {"event_source": "Health Department", "event_title": "Blood Donation Campaign", "event_description": "Spare only 15 minutes and save one life", "event_image": "images/c.jpg", "event_location": "Columbia Asia Hospital", "event_start_date": "2018-07-15", "event_end_date": "2018-07-15", "event_start_time": "10:00:00", "event_end_time": "18:00:00", "pub_date": "2018-07-13T06:30:00Z", "event_category": [5, 11, 12], "publishing_location": [6]}}, {"model": "events.event", "pk": 8, "fields": {"event_source": "Cultural Department", "event_title": "Independence Day Celebrations", "event_description": "Like every year, We will be celebrating independence day this year also.", "event_image": "images/ss.jpeg", "event_location": "Community Hall", "event_start_date": "2018-08-15", "event_end_date": null, "event_start_time": "09:00:00", "event_end_time": null, "pub_date": "2018-07-13T07:06:25Z", "event_category": [10], "publishing_location": [6]}}, {"model": "events.event", "pk": 9, "fields": {"event_source": "smaple", "event_title": "Sample Event", "event_description": "A demo event demo eventdemo eventdemo eventdemo eventdemo eventdemo eventdemo eventdemo eventdemo eventdemo eventdemo eventdemo event", "event_image": "images/a_YGhciKu_jFExAfM.jpg", "event_location": "Bellandur", "event_start_date": "2018-07-13", "event_end_date": "2018-07-13", "event_start_time": "12:59:16", "event_end_time": "12:59:18", "pub_date": "2018-07-13T07:28:27Z", "event_category": [7], "publishing_location": [7]}}, {"model": "notice.notice", "pk": 2, "fields": {"notice_source": "Electricity Department", "notice_title": "Pay Electricity Bills", "notice_description": "18th July is the deadline for paying electricity bills. Please pay it on time to avoid fines.", "notice_image": "images/th_1.jpeg", "publishing_date": "2018-07-13T06:30:00Z", "publishing_location": [8]}}, {"model": "notice.notice", "pk": 3, "fields": {"notice_source": "SWM Department", "notice_title": "Reap benefits from Source Segregation of Municipal Solid Waste", "notice_description": "Please participate in BBMP programme of segregating solid waste at Source to keep our city clean", "notice_image": "images/a_Gp4caui.jpg", "publishing_date": "2018-07-12T12:30:00Z", "publishing_location": [6, 7, 8]}}, {"model": "notice.notice", "pk": 4, "fields": {"notice_source": "Public Works Department", "notice_title": "TenderSure Roads in your Locality", "notice_description": "Tender Sure model has been adopted to upgrade the selected main roads in Bangalore to international standards.", "notice_image": "images/a.jpeg", "publishing_date": "2018-07-12T06:30:00Z", "publishing_location": [7]}}, {"model": "notice.notice", "pk": 5, "fields": {"notice_source": "Weather Department", "notice_title": "Generally Cloudy Weather with a few spells of Rain/Showers", "notice_description": "Day 1 (Valid until 08:30 hrs IST) of 14th July 2018:\r\nGenerally cloudy sky. A few spells of rain/showers very likely. Surface winds likely to be strong and gusty at\r\ntimes. Maximum & minimum temperatures very likely to be around 27 and 20 degree Celsius respectively.\r\nDay 2 (Valid until 08:30 hrs IST) of 15th July 2018:\r\nGenerally cloudy sky. A few spells of rain/showers very likely. Surface winds likely to be strong and gusty at\r\ntimes. Maximum & minimum temperatures very likely to be around 27 and 20 degree Celsius respectively.", "notice_image": "images/d.jpeg", "publishing_date": "2018-07-13T00:30:00Z", "publishing_location": [6, 7, 8]}}, {"model": "polls.choice", "pk": 5, "fields": {"choice_name": "Yoga Session", "choice_poll": 3, "choice_count": 1}}, {"model": "polls.choice", "pk": 6, "fields": {"choice_name": "Zumba Performance", "choice_poll": 3, "choice_count": 0}}, {"model": "polls.choice", "pk": 7, "fields": {"choice_name": "Street Football", "choice_poll": 3, "choice_count": 0}}, {"model": "polls.choice", "pk": 8, "fields": {"choice_name": "Cycling Track", "choice_poll": 3, "choice_count": 0}}, {"model": "polls.choice", "pk": 9, "fields": {"choice_name": "Gulley Cricket", "choice_poll": 3, "choice_count": 0}}, {"model": "polls.choice", "pk": 10, "fields": {"choice_name": "Yes", "choice_poll": 4, "choice_count": 0}}, {"model": "polls.choice", "pk": 11, "fields": {"choice_name": "No", "choice_poll": 4, "choice_count": 0}}, {"model": "polls.choice", "pk": 12, "fields": {"choice_name": "Neutral", "choice_poll": 4, "choice_count": 0}}, {"model": "polls.choice", "pk": 13, "fields": {"choice_name": "Good", "choice_poll": 5, "choice_count": 2}}, {"model": "polls.choice", "pk": 14, "fields": {"choice_name": "Fair", "choice_poll": 5, "choice_count": 0}}, {"model": "polls.choice", "pk": 15, "fields": {"choice_name": "Poor", "choice_poll": 5, "choice_count": 0}}, {"model": "polls.choice", "pk": 16, "fields": {"choice_name": "5 - excellent", "choice_poll": 6, "choice_count": 2}}, {"model": "polls.choice", "pk": 17, "fields": {"choice_name": "4 - very good", "choice_poll": 6, "choice_count": 0}}, {"model": "polls.choice", "pk": 18, "fields": {"choice_name": "3 - good", "choice_poll": 6, "choice_count": 0}}, {"model": "polls.choice", "pk": 19, "fields": {"choice_name": "2 - avg", "choice_poll": 6, "choice_count": 0}}, {"model": "polls.choice", "pk": 20, "fields": {"choice_name": "1 - poor", "choice_poll": 6, "choice_count": 0}}, {"model": "polls.poll", "pk": 3, "fields": {"poll_source": "HSR RWA, BBMP", "poll_title": "Happy Streets Sunday Poll", "poll_description": "BBMP with HSR RWA is organizing Happy Streets this Sunday. Cordoning off Main Street for three hours in the morning from 6:30 a.m. to 9:30 a.m. How would you like to use Main Street on Sunday? Add your vote below!", "poll_image": "images/th_H1Cvkby.jpeg", "poll_deadline": "2018-07-17T18:30:00Z", "pub_date": "2018-07-13T05:30:00Z", "publishing_location": [7]}}, {"model": "polls.poll", "pk": 4, "fields": {"poll_source": "HSR RWA", "poll_title": "Citizen Petition: Privatisation of Lake Clean Up", "poll_description": "The Agara Lake has been central to the life of people around the HSR locality. BBMP has floated a tender for the maintenance of the lake after the Lake Committee was closed. Sign this petition by adding your opinion on whether the lake should be maintained by private contractors.", "poll_image": "images/th_bqBWkX5.jpeg", "poll_deadline": "2018-07-20T12:30:00Z", "pub_date": "2018-07-13T06:30:00Z", "publishing_location": [7]}}, {"model": "polls.poll", "pk": 5, "fields": {"poll_source": "SWM Department", "poll_title": "Sarjapur Road Waste Management Feedback", "poll_description": "Please rate your experience with Garbage Collection Pick-up", "poll_image": "images/th_zX8rARm.jpeg", "poll_deadline": "2018-07-19T18:30:00Z", "pub_date": "2018-07-13T06:52:39Z", "publishing_location": [6]}}, {"model": "polls.poll", "pk": 6, "fields": {"poll_source": "C.E.O egov", "poll_title": "rating of demos", "poll_description": "IIT Bombay interns rating based on projects", "poll_image": "images/avatar_64KQ2mb.png", "poll_deadline": "2018-07-13T12:30:00Z", "pub_date": "2018-07-13T07:34:32Z", "publishing_location": [6, 7, 8]}}, {"model": "request.request", "pk": 1, "fields": {"title": "Cleanliness", "image": "images/request.png", "source": "admin", "location": "hostel 2 iitb", "date": "2018-08-01", "time": "01:00:00", "approval": true, "lat": 12.0, "lng": 77.6}}, {"model": "request.request", "pk": 2, "fields": {"title": "Cleanliness", "image": "images/request.png", "source": "superuser", "location": "banlgore", "date": "2018-08-01", "time": "11:01:00", "approval": false, "lat": 12.002351, "lng": 76.920006}}, {"model": "request.request", "pk": 3, "fields": {"title": "Cleanliness", "image": "images/request.png", "source": "superuser", "location": "banlgore", "date": "2018-09-01", "time": "11:11:00", "approval": false, "lat": 12.014104, "lng": 76.926186}}, {"model": "request.request", "pk": 4, "fields": {"title": "Cleanliness", "image": "images/request.png", "source": "superuser", "location": "ghjkl", "date": "2018-09-01", "time": "11:01:00", "approval": false, "lat": 12.01125, "lng": 76.946356}}, {"model": "request.request", "pk": 5, "fields": {"title": "Cleanliness", "image": "images/request.png", "source": "superuser", "location": "banlgore", "date": "2019-01-01", "time": "00:00:00", "approval": false, "lat": 11.986399, "lng": 77.045919}}, {"model": "request.request", "pk": 6, "fields": {"title": "Cleanliness", "image": "images/request.png", "source": "superuser", "location": "asdfg", "date": "2020-01-01", "time": "11:11:00", "approval": false, "lat": 12.919689, "lng": 77.684641}}, {"model": "request.request", "pk": 7, "fields": {"title": "Cleanliness", "image": "images/request.png", "source": "superuser", "location": null, "date": "2023-01-01", "time": "11:11:00", "approval": true, "lat": 12.916652, "lng": 77.660653}}, {"model": "request.point", "pk": 1, "fields": {"lat": 12.0, "lng": 77.6, "date": "2022-01-01T05:31:00Z", "on": false, "source": null}}, {"model": "request.point", "pk": 2, "fields": {"lat": 12.2, "lng": 77.6, "date": "2018-12-31T23:14:00Z", "on": true, "source": "User1"}}, {"model": "request.point", "pk": 3, "fields": {"lat": 12.4, "lng": 77.6, "date": "2021-01-01T06:42:00Z", "on": true, "source": "User1"}}, {"model": "request.point", "pk": 4, "fields": {"lat": 12.9344, "lng": 77.67, "date": null, "on": false, "source": null}}, {"model": "request.point", "pk": 5, "fields": {"lat": 12.926, "lng": 77.665, "date": "2020-01-01T05:41:00Z", "on": true, "source": "User1"}}, {"model": "request.point", "pk": 6, "fields": {"lat": 12.93, "lng": 77.642, "date": "2020-12-31T23:14:00Z", "on": true, "source": "User1"}}, {"model": "request.point", "pk": 7, "fields": {"lat": 13.01, "lng": 77.52, "date": null, "on": false, "source": null}}, {"model": "request.point", "pk": 8, "fields": {"lat": 12.95, "lng": 77.49, "date": null, "on": false, "source": null}}, {"model": "request.point", "pk": 9, "fields": {"lat": 12.95, "lng": 77.57, "date": null, "on": false, "source": null}}, {"model": "contenttypes.contenttype", "pk": 1, "fields": {"app_label": "accounts", "model": "ward"}}, {"model": "contenttypes.contenttype", "pk": 2, "fields": {"app_label": "notification", "model": "post"}}, {"model": "contenttypes.contenttype", "pk": 3, "fields": {"app_label": "events", "model": "attended"}}, {"model": "contenttypes.contenttype", "pk": 4, "fields": {"app_label": "events", "model": "location"}}, {"model": "contenttypes.contenttype", "pk": 5, "fields": {"app_label": "events", "model": "event"}}, {"model": "contenttypes.contenttype", "pk": 6, "fields": {"app_label": "events", "model": "category"}}, {"model": "contenttypes.contenttype", "pk": 7, "fields": {"app_label": "notice", "model": "notice"}}, {"model": "contenttypes.contenttype", "pk": 8, "fields": {"app_label": "polls", "model": "voted"}}, {"model": "contenttypes.contenttype", "pk": 9, "fields": {"app_label": "polls", "model": "poll"}}, {"model": "contenttypes.contenttype", "pk": 10, "fields": {"app_label": "polls", "model": "choice"}}, {"model": "contenttypes.contenttype", "pk": 11, "fields": {"app_label": "request", "model": "request"}}, {"model": "contenttypes.contenttype", "pk": 12, "fields": {"app_label": "request", "model": "requested"}}, {"model": "contenttypes.contenttype", "pk": 13, "fields": {"app_label": "admin", "model": "logentry"}}, {"model": "contenttypes.contenttype", "pk": 14, "fields": {"app_label": "auth", "model": "permission"}}, {"model": "contenttypes.contenttype", "pk": 15, "fields": {"app_label": "auth", "model": "user"}}, {"model": "contenttypes.contenttype", "pk": 16, "fields": {"app_label": "auth", "model": "group"}}, {"model": "contenttypes.contenttype", "pk": 17, "fields": {"app_label": "contenttypes", "model": "contenttype"}}, {"model": "contenttypes.contenttype", "pk": 18, "fields": {"app_label": "sessions", "model": "session"}}, {"model": "contenttypes.contenttype", "pk": 19, "fields": {"app_label": "request", "model": "point"}}, {"model": "sessions.session", "pk": "3i4mb24faquw0jgv5ps9k78pwuutzkxa", "fields": {"session_data": "OTNhZTNkNjE0ZGQ2YmE1ZmRiNDRlYjAxYTUxMDIyY2UyMGY0NDM2ODp7Il9hdXRoX3VzZXJfaGFzaCI6IjNmODcxYzJkYWY3Yzg3YjVlZDU4YzkzOWQ3NzBmMjcwYzUyNmYzNTMiLCJfYXV0aF91c2VyX2lkIjoiMSIsIl9hdXRoX3VzZXJfYmFja2VuZCI6ImRqYW5nby5jb250cmliLmF1dGguYmFja2VuZHMuTW9kZWxCYWNrZW5kIn0=", "expire_date": "2018-07-26T06:34:07.716Z"}}, {"model": "sessions.session", "pk": "3vzorht44u3n7y89n43xddqfsmd5c422", "fields": {"session_data": "OWRhNTZjYmZjYTAxYmIyZWFlZDA5YjZjOTE2YjI5Y2Y0YzA4M2IzYTp7Il9hdXRoX3VzZXJfaWQiOiIxIiwiX2F1dGhfdXNlcl9oYXNoIjoiM2Y4NzFjMmRhZjdjODdiNWVkNThjOTM5ZDc3MGYyNzBjNTI2ZjM1MyIsIl9hdXRoX3VzZXJfYmFja2VuZCI6ImRqYW5nby5jb250cmliLmF1dGguYmFja2VuZHMuTW9kZWxCYWNrZW5kIn0=", "expire_date": "2018-07-20T07:27:46.741Z"}}, {"model": "sessions.session", "pk": "3ymq7x6p3u5ncmgs33fvsc8td7nl4aa6", "fields": {"session_data": "MWRhNmUwNTI3MDcwYzM0YjQ0NTFiY2UwZGUyNWY2NmRmMmJlYWYwMDp7Il9hdXRoX3VzZXJfaGFzaCI6IjRmMDc4MTQ3YTE2YzI1MTUzMjczZmIzNzE5MTJiYjUwNmRjZDE1NDAiLCJfYXV0aF91c2VyX2lkIjoiNCIsIl9hdXRoX3VzZXJfYmFja2VuZCI6ImRqYW5nby5jb250cmliLmF1dGguYmFja2VuZHMuTW9kZWxCYWNrZW5kIn0=", "expire_date": "2018-07-27T07:37:27.071Z"}}, {"model": "sessions.session", "pk": "4f6vu6cbu92npk0i211qbas9f5y4rffe", "fields": {"session_data": "ZGI1ODJhZDIxNzE1ZDkxYzMzNTk1YmI3OTA4MjExNTIwZGJhYzVkMzp7Il9hdXRoX3VzZXJfYmFja2VuZCI6ImRqYW5nby5jb250cmliLmF1dGguYmFja2VuZHMuTW9kZWxCYWNrZW5kIiwiX2F1dGhfdXNlcl9pZCI6IjIiLCJfYXV0aF91c2VyX2hhc2giOiI0NDdiNDBhYjM2ZGI2NmYyYzhjMTg0MGFhZjBkNWQyMjlmYjQ4YmY5In0=", "expire_date": "2018-07-25T10:00:19.957Z"}}, {"model": "sessions.session", "pk": "55mpu0ipqbg1wf3xdgb8jbnzoc91ojsx", "fields": {"session_data": "MzJlMzc3ZGZmOTZlZTljMGNmMzUxYmY4ODFlNzNlMWQyMTZmYWNjZDp7Il9hdXRoX3VzZXJfaGFzaCI6ImVmYmJhNmRkYTdiN2Y0YTFkZWNmY2YyNmU1ZTJjOTk0M2NmY2IzMTIiLCJfYXV0aF91c2VyX2lkIjoiMyIsIl9hdXRoX3VzZXJfYmFja2VuZCI6ImRqYW5nby5jb250cmliLmF1dGguYmFja2VuZHMuTW9kZWxCYWNrZW5kIn0=", "expire_date": "2018-07-27T07:07:31.399Z"}}, {"model": "sessions.session", "pk": "6z4ukzfk621hq8rzjnncj07s5dtcw6sq", "fields": {"session_data": "YjExZWUwM2MyNTYyOTA4ZjAyNjZjZDBlNTQzYmQxNzJhYjc5Mjc3MTp7Il9hdXRoX3VzZXJfYmFja2VuZCI6ImRqYW5nby5jb250cmliLmF1dGguYmFja2VuZHMuTW9kZWxCYWNrZW5kIiwiX2F1dGhfdXNlcl9oYXNoIjoiNDQ3YjQwYWIzNmRiNjZmMmM4YzE4NDBhYWYwZDVkMjI5ZmI0OGJmOSIsIl9hdXRoX3VzZXJfaWQiOiIyIn0=", "expire_date": "2018-07-26T11:18:43.647Z"}}, {"model": "sessions.session", "pk": "7bulwed3agpqnktaqqpgl815gcwxxuz7", "fields": {"session_data": "ZGI1ODJhZDIxNzE1ZDkxYzMzNTk1YmI3OTA4MjExNTIwZGJhYzVkMzp7Il9hdXRoX3VzZXJfYmFja2VuZCI6ImRqYW5nby5jb250cmliLmF1dGguYmFja2VuZHMuTW9kZWxCYWNrZW5kIiwiX2F1dGhfdXNlcl9pZCI6IjIiLCJfYXV0aF91c2VyX2hhc2giOiI0NDdiNDBhYjM2ZGI2NmYyYzhjMTg0MGFhZjBkNWQyMjlmYjQ4YmY5In0=", "expire_date": "2018-07-25T06:11:07.491Z"}}, {"model": "sessions.session", "pk": "874buik7gtln7zuyb1qjob5b46kfl9ch", "fields": {"session_data": "M2JhNDIwZjEyOTRkODI3MmE3ZTk0ZDEyMmFiMzI2ODE5Yjk3MWE1Zjp7Il9hdXRoX3VzZXJfaGFzaCI6ImVmYmJhNmRkYTdiN2Y0YTFkZWNmY2YyNmU1ZTJjOTk0M2NmY2IzMTIiLCJfYXV0aF91c2VyX2JhY2tlbmQiOiJkamFuZ28uY29udHJpYi5hdXRoLmJhY2tlbmRzLk1vZGVsQmFja2VuZCIsIl9hdXRoX3VzZXJfaWQiOiIzIn0=", "expire_date": "2018-07-27T06:05:21.827Z"}}, {"model": "sessions.session", "pk": "9c7x8utfmbk9b53b28uqk46t2syv5u3f", "fields": {"session_data": "MzJlMzc3ZGZmOTZlZTljMGNmMzUxYmY4ODFlNzNlMWQyMTZmYWNjZDp7Il9hdXRoX3VzZXJfaGFzaCI6ImVmYmJhNmRkYTdiN2Y0YTFkZWNmY2YyNmU1ZTJjOTk0M2NmY2IzMTIiLCJfYXV0aF91c2VyX2lkIjoiMyIsIl9hdXRoX3VzZXJfYmFja2VuZCI6ImRqYW5nby5jb250cmliLmF1dGguYmFja2VuZHMuTW9kZWxCYWNrZW5kIn0=", "expire_date": "2018-07-26T08:41:36.678Z"}}, {"model": "sessions.session", "pk": "9e1yyu4z56ts4gu5or7mtbzb1u2vmcfb", "fields": {"session_data": "NmEzNDljM2U5YWFmNDQzODk0NGMxYmE2ZDBhZmM3N2Q3NzUwNmI4MDp7Il9hdXRoX3VzZXJfaWQiOiIyIiwiX2F1dGhfdXNlcl9oYXNoIjoiNDQ3YjQwYWIzNmRiNjZmMmM4YzE4NDBhYWYwZDVkMjI5ZmI0OGJmOSIsIl9hdXRoX3VzZXJfYmFja2VuZCI6ImRqYW5nby5jb250cmliLmF1dGguYmFja2VuZHMuTW9kZWxCYWNrZW5kIn0=", "expire_date": "2018-07-23T11:15:52.538Z"}}, {"model": "sessions.session", "pk": "b451hoxtarm4hty0ik2khyh1122vipx6", "fields": {"session_data": "MzJlMzc3ZGZmOTZlZTljMGNmMzUxYmY4ODFlNzNlMWQyMTZmYWNjZDp7Il9hdXRoX3VzZXJfaGFzaCI6ImVmYmJhNmRkYTdiN2Y0YTFkZWNmY2YyNmU1ZTJjOTk0M2NmY2IzMTIiLCJfYXV0aF91c2VyX2lkIjoiMyIsIl9hdXRoX3VzZXJfYmFja2VuZCI6ImRqYW5nby5jb250cmliLmF1dGguYmFja2VuZHMuTW9kZWxCYWNrZW5kIn0=", "expire_date": "2018-07-27T07:26:53.986Z"}}, {"model": "sessions.session", "pk": "pplsq6pck6hwlj71hlmj13jp2qglrf8w", "fields": {"session_data": "ZGI1ODJhZDIxNzE1ZDkxYzMzNTk1YmI3OTA4MjExNTIwZGJhYzVkMzp7Il9hdXRoX3VzZXJfYmFja2VuZCI6ImRqYW5nby5jb250cmliLmF1dGguYmFja2VuZHMuTW9kZWxCYWNrZW5kIiwiX2F1dGhfdXNlcl9pZCI6IjIiLCJfYXV0aF91c2VyX2hhc2giOiI0NDdiNDBhYjM2ZGI2NmYyYzhjMTg0MGFhZjBkNWQyMjlmYjQ4YmY5In0=", "expire_date": "2018-07-25T09:59:36.738Z"}}, {"model": "sessions.session", "pk": "pxn6oozwyznsb5r5rfmzxurqsae08ee5", "fields": {"session_data": "OTlmYmJmZDA5ZDllOWZhYzFiYTVkZWJjMDA2OGUwYzY3MzAzYjBhYzp7Il9hdXRoX3VzZXJfaGFzaCI6IjQ0N2I0MGFiMzZkYjY2ZjJjOGMxODQwYWFmMGQ1ZDIyOWZiNDhiZjkiLCJfYXV0aF91c2VyX2lkIjoiMiIsIl9hdXRoX3VzZXJfYmFja2VuZCI6ImRqYW5nby5jb250cmliLmF1dGguYmFja2VuZHMuTW9kZWxCYWNrZW5kIn0=", "expire_date": "2018-07-27T07:28:18.737Z"}}, {"model": "sessions.session", "pk": "savgdcx6qgfz72nfl9xe3875hlueu9qn", "fields": {"session_data": "Y2JhZWJiODU4ZmY3M2RjNzljM2UzZDk2ZmViNmI4Y2E3ZDE0ODJiNzp7Il9hdXRoX3VzZXJfaGFzaCI6IjAxYjkzMjk4NzkyNDI3NjYwYTE3OTAwYjlkZWZiOTE3NDVhNGRmZmUiLCJfYXV0aF91c2VyX2lkIjoiNSIsIl9hdXRoX3VzZXJfYmFja2VuZCI6ImRqYW5nby5jb250cmliLmF1dGguYmFja2VuZHMuTW9kZWxCYWNrZW5kIn0=", "expire_date": "2018-07-27T07:21:34.274Z"}}, {"model": "sessions.session", "pk": "to9tocjuyq9gm0526vy06qplq1pn0517", "fields": {"session_data": "ZGI1ODJhZDIxNzE1ZDkxYzMzNTk1YmI3OTA4MjExNTIwZGJhYzVkMzp7Il9hdXRoX3VzZXJfYmFja2VuZCI6ImRqYW5nby5jb250cmliLmF1dGguYmFja2VuZHMuTW9kZWxCYWNrZW5kIiwiX2F1dGhfdXNlcl9pZCI6IjIiLCJfYXV0aF91c2VyX2hhc2giOiI0NDdiNDBhYjM2ZGI2NmYyYzhjMTg0MGFhZjBkNWQyMjlmYjQ4YmY5In0=", "expire_date": "2018-07-25T09:57:23.843Z"}}, {"model": "auth.permission", "pk": 1, "fields": {"name": "Can add ward", "content_type": 1, "codename": "add_ward"}}, {"model": "auth.permission", "pk": 2, "fields": {"name": "Can change ward", "content_type": 1, "codename": "change_ward"}}, {"model": "auth.permission", "pk": 3, "fields": {"name": "Can delete ward", "content_type": 1, "codename": "delete_ward"}}, {"model": "auth.permission", "pk": 4, "fields": {"name": "Can add post", "content_type": 2, "codename": "add_post"}}, {"model": "auth.permission", "pk": 5, "fields": {"name": "Can change post", "content_type": 2, "codename": "change_post"}}, {"model": "auth.permission", "pk": 6, "fields": {"name": "Can delete post", "content_type": 2, "codename": "delete_post"}}, {"model": "auth.permission", "pk": 7, "fields": {"name": "Can add attended", "content_type": 3, "codename": "add_attended"}}, {"model": "auth.permission", "pk": 8, "fields": {"name": "Can change attended", "content_type": 3, "codename": "change_attended"}}, {"model": "auth.permission", "pk": 9, "fields": {"name": "Can delete attended", "content_type": 3, "codename": "delete_attended"}}, {"model": "auth.permission", "pk": 10, "fields": {"name": "Can add location", "content_type": 4, "codename": "add_location"}}, {"model": "auth.permission", "pk": 11, "fields": {"name": "Can change location", "content_type": 4, "codename": "change_location"}}, {"model": "auth.permission", "pk": 12, "fields": {"name": "Can delete location", "content_type": 4, "codename": "delete_location"}}, {"model": "auth.permission", "pk": 13, "fields": {"name": "Can add event", "content_type": 5, "codename": "add_event"}}, {"model": "auth.permission", "pk": 14, "fields": {"name": "Can change event", "content_type": 5, "codename": "change_event"}}, {"model": "auth.permission", "pk": 15, "fields": {"name": "Can delete event", "content_type": 5, "codename": "delete_event"}}, {"model": "auth.permission", "pk": 16, "fields": {"name": "Can add category", "content_type": 6, "codename": "add_category"}}, {"model": "auth.permission", "pk": 17, "fields": {"name": "Can change category", "content_type": 6, "codename": "change_category"}}, {"model": "auth.permission", "pk": 18, "fields": {"name": "Can delete category", "content_type": 6, "codename": "delete_category"}}, {"model": "auth.permission", "pk": 19, "fields": {"name": "Can add notice", "content_type": 7, "codename": "add_notice"}}, {"model": "auth.permission", "pk": 20, "fields": {"name": "Can change notice", "content_type": 7, "codename": "change_notice"}}, {"model": "auth.permission", "pk": 21, "fields": {"name": "Can delete notice", "content_type": 7, "codename": "delete_notice"}}, {"model": "auth.permission", "pk": 22, "fields": {"name": "Can add voted", "content_type": 8, "codename": "add_voted"}}, {"model": "auth.permission", "pk": 23, "fields": {"name": "Can change voted", "content_type": 8, "codename": "change_voted"}}, {"model": "auth.permission", "pk": 24, "fields": {"name": "Can delete voted", "content_type": 8, "codename": "delete_voted"}}, {"model": "auth.permission", "pk": 25, "fields": {"name": "Can add poll", "content_type": 9, "codename": "add_poll"}}, {"model": "auth.permission", "pk": 26, "fields": {"name": "Can change poll", "content_type": 9, "codename": "change_poll"}}, {"model": "auth.permission", "pk": 27, "fields": {"name": "Can delete poll", "content_type": 9, "codename": "delete_poll"}}, {"model": "auth.permission", "pk": 28, "fields": {"name": "Can add choice", "content_type": 10, "codename": "add_choice"}}, {"model": "auth.permission", "pk": 29, "fields": {"name": "Can change choice", "content_type": 10, "codename": "change_choice"}}, {"model": "auth.permission", "pk": 30, "fields": {"name": "Can delete choice", "content_type": 10, "codename": "delete_choice"}}, {"model": "auth.permission", "pk": 31, "fields": {"name": "Can add request", "content_type": 11, "codename": "add_request"}}, {"model": "auth.permission", "pk": 32, "fields": {"name": "Can change request", "content_type": 11, "codename": "change_request"}}, {"model": "auth.permission", "pk": 33, "fields": {"name": "Can delete request", "content_type": 11, "codename": "delete_request"}}, {"model": "auth.permission", "pk": 34, "fields": {"name": "Can add requested", "content_type": 12, "codename": "add_requested"}}, {"model": "auth.permission", "pk": 35, "fields": {"name": "Can change requested", "content_type": 12, "codename": "change_requested"}}, {"model": "auth.permission", "pk": 36, "fields": {"name": "Can delete requested", "content_type": 12, "codename": "delete_requested"}}, {"model": "auth.permission", "pk": 37, "fields": {"name": "Can add log entry", "content_type": 13, "codename": "add_logentry"}}, {"model": "auth.permission", "pk": 38, "fields": {"name": "Can change log entry", "content_type": 13, "codename": "change_logentry"}}, {"model": "auth.permission", "pk": 39, "fields": {"name": "Can delete log entry", "content_type": 13, "codename": "delete_logentry"}}, {"model": "auth.permission", "pk": 40, "fields": {"name": "Can add permission", "content_type": 14, "codename": "add_permission"}}, {"model": "auth.permission", "pk": 41, "fields": {"name": "Can change permission", "content_type": 14, "codename": "change_permission"}}, {"model": "auth.permission", "pk": 42, "fields": {"name": "Can delete permission", "content_type": 14, "codename": "delete_permission"}}, {"model": "auth.permission", "pk": 43, "fields": {"name": "Can add user", "content_type": 15, "codename": "add_user"}}, {"model": "auth.permission", "pk": 44, "fields": {"name": "Can change user", "content_type": 15, "codename": "change_user"}}, {"model": "auth.permission", "pk": 45, "fields": {"name": "Can delete user", "content_type": 15, "codename": "delete_user"}}, {"model": "auth.permission", "pk": 46, "fields": {"name": "Can add group", "content_type": 16, "codename": "add_group"}}, {"model": "auth.permission", "pk": 47, "fields": {"name": "Can change group", "content_type": 16, "codename": "change_group"}}, {"model": "auth.permission", "pk": 48, "fields": {"name": "Can delete group", "content_type": 16, "codename": "delete_group"}}, {"model": "auth.permission", "pk": 49, "fields": {"name": "Can add content type", "content_type": 17, "codename": "add_contenttype"}}, {"model": "auth.permission", "pk": 50, "fields": {"name": "Can change content type", "content_type": 17, "codename": "change_contenttype"}}, {"model": "auth.permission", "pk": 51, "fields": {"name": "Can delete content type", "content_type": 17, "codename": "delete_contenttype"}}, {"model": "auth.permission", "pk": 52, "fields": {"name": "Can add session", "content_type": 18, "codename": "add_session"}}, {"model": "auth.permission", "pk": 53, "fields": {"name": "Can change session", "content_type": 18, "codename": "change_session"}}, {"model": "auth.permission", "pk": 54, "fields": {"name": "Can delete session", "content_type": 18, "codename": "delete_session"}}, {"model": "auth.permission", "pk": 55, "fields": {"name": "Can add point", "content_type": 19, "codename": "add_point"}}, {"model": "auth.permission", "pk": 56, "fields": {"name": "Can change point", "content_type": 19, "codename": "change_point"}}, {"model": "auth.permission", "pk": 57, "fields": {"name": "Can delete point", "content_type": 19, "codename": "delete_point"}}, {"model": "auth.user", "pk": 1, "fields": {"password": "pbkdf2_sha256$100000$HTMiwvF5rQ2y$psGw85PQTYW+xXvbC/571v1OVb/MafU+cEjYAMdyoCw=", "last_login": "2018-07-13T07:17:17.842Z", "is_superuser": true, "username": "superuser", "first_name": "", "last_name": "", "email": "super@user.com", "is_staff": true, "is_active": true, "date_joined": "2018-07-05T06:31:38.293Z", "groups": [], "user_permissions": [13, 14, 15, 19, 20, 21, 28, 25, 26, 27]}}, {"model": "auth.user", "pk": 2, "fields": {"password": "pbkdf2_sha256$100000$FiLdKzBCnSZ6$IcoXpyYkvx9rj3SeeN7M5+PpgHMfI0c9yu271bO5xQE=", "last_login": "2018-07-13T07:33:32.331Z", "is_superuser": false, "username": "admin", "first_name": "admin", "last_name": "admin", "email": "admin@g.com", "is_staff": true, "is_active": true, "date_joined": "2018-07-06T07:10:19.251Z", "groups": [], "user_permissions": [13, 14, 15, 19, 20, 21, 28, 25, 26, 27]}}, {"model": "auth.user", "pk": 3, "fields": {"password": "pbkdf2_sha256$100000$x923LLbXxnou$22GUY67WI3CSgiN4zWG8S7aqtpTk++dWkLfoq+ZXn7U=", "last_login": "2018-07-13T07:26:53.857Z", "is_superuser": false, "username": "user1", "first_name": "User1", "last_name": "User1", "email": "", "is_staff": false, "is_active": true, "date_joined": "2018-07-12T06:13:08Z", "groups": [], "user_permissions": [13, 14, 15, 19, 20, 21, 28, 25, 26, 27]}}, {"model": "auth.user", "pk": 4, "fields": {"password": "pbkdf2_sha256$100000$A7E4tyIVscs2$73PtN8uNv7GvA7w7TAO6oOs8U3TRbj44enuXjwhRYkk=", "last_login": "2018-07-13T07:37:26.941Z", "is_superuser": false, "username": "Rama", "first_name": "", "last_name": "", "email": "", "is_staff": false, "is_active": true, "date_joined": "2018-07-13T06:17:48.834Z", "groups": [], "user_permissions": [13, 14, 15, 19, 20, 21, 28, 25, 26, 27]}}, {"model": "auth.user", "pk": 5, "fields": {"password": "pbkdf2_sha256$100000$efuky80x4SNH$4K+NK7P8SajHLPLPymzAHEYFg1zxm+bWrP4i2aqyHEU=", "last_login": "2018-07-13T07:31:27.180Z", "is_superuser": false, "username": "Krishna", "first_name": "", "last_name": "", "email": "", "is_staff": false, "is_active": true, "date_joined": "2018-07-13T06:19:14.395Z", "groups": [], "user_permissions": [13, 14, 15, 19, 20, 21, 28, 25, 26, 27]}}, {"model": "auth.user", "pk": 6, "fields": {"password": "pbkdf2_sha256$100000$VxDyzuUq3d7m$3uPnDXbi1LoJxfZPqtEcVxYcCWrHbjpS03byKaqhBY4=", "last_login": "2018-07-13T07:15:40.138Z", "is_superuser": false, "username": "Chaman", "first_name": "", "last_name": "", "email": "", "is_staff": false, "is_active": true, "date_joined": "2018-07-13T06:20:18.742Z", "groups": [], "user_permissions": [13, 14, 15, 19, 20, 21, 28, 25, 26, 27]}}, {"model": "auth.user", "pk": 7, "fields": {"password": "pbkdf2_sha256$100000$QlNKbQB1iLDa$m4FODJHBGsIAhDfi9rBbgsPjuVufL8DN5Po1yXL/zWk=", "last_login": "2018-07-13T07:29:53.837Z", "is_superuser": false, "username": "Babu", "first_name": "Babu", "last_name": "Gowda", "email": "babu.gowda@gov.in", "is_staff": true, "is_active": true, "date_joined": "2018-07-13T06:24:02.773Z", "groups": [], "user_permissions": [13, 14, 15, 19, 20, 21, 28, 25, 26, 27]}}, {"model": "admin.logentry", "pk": 1, "fields": {"action_time": "2018-07-05T06:33:10.023Z", "user": 1, "content_type": 6, "object_id": "1", "object_repr": "SOCIAL", "action_flag": 1, "change_message": "[{\"added\": {}}]"}}, {"model": "admin.logentry", "pk": 2, "fields": {"action_time": "2018-07-05T06:33:17.585Z", "user": 1, "content_type": 4, "object_id": "1", "object_repr": "WARD 1", "action_flag": 1, "change_message": "[{\"added\": {}}]"}}, {"model": "admin.logentry", "pk": 3, "fields": {"action_time": "2018-07-05T06:42:15.043Z", "user": 1, "content_type": 5, "object_id": "1", "object_repr": "sample", "action_flag": 1, "change_message": "[{\"added\": {}}]"}}, {"model": "admin.logentry", "pk": 4, "fields": {"action_time": "2018-07-05T06:48:09.558Z", "user": 1, "content_type": 5, "object_id": "2", "object_repr": "sample", "action_flag": 1, "change_message": "[{\"added\": {}}]"}}, {"model": "admin.logentry", "pk": 5, "fields": {"action_time": "2018-07-05T06:52:16.337Z", "user": 1, "content_type": 5, "object_id": "2", "object_repr": "sample", "action_flag": 2, "change_message": "[]"}}, {"model": "admin.logentry", "pk": 6, "fields": {"action_time": "2018-07-05T06:52:49.120Z", "user": 1, "content_type": 5, "object_id": "3", "object_repr": "BBMP ask citizens to book saplings through app", "action_flag": 1, "change_message": "[{\"added\": {}}]"}}, {"model": "admin.logentry", "pk": 7, "fields": {"action_time": "2018-07-05T07:59:47.107Z", "user": 1, "content_type": 7, "object_id": "1", "object_repr": "ghjkl", "action_flag": 1, "change_message": "[{\"added\": {}}]"}}, {"model": "admin.logentry", "pk": 8, "fields": {"action_time": "2018-07-05T11:05:19.092Z", "user": 1, "content_type": 9, "object_id": "1", "object_repr": "title", "action_flag": 1, "change_message": "[{\"added\": {}}, {\"added\": {\"name\": \"choice\", \"object\": \"yes\"}}, {\"added\": {\"name\": \"choice\", \"object\": \"no\"}}]"}}, {"model": "admin.logentry", "pk": 9, "fields": {"action_time": "2018-07-06T06:28:37.653Z", "user": 1, "content_type": 9, "object_id": "1", "object_repr": "title", "action_flag": 2, "change_message": "[{\"changed\": {\"fields\": [\"poll_deadline\", \"pub_date\"]}}]"}}, {"model": "admin.logentry", "pk": 10, "fields": {"action_time": "2018-07-06T07:03:54.340Z", "user": 1, "content_type": 5, "object_id": "3", "object_repr": "BBMP ask citizens to book saplings through app", "action_flag": 3, "change_message": ""}}, {"model": "admin.logentry", "pk": 11, "fields": {"action_time": "2018-07-06T07:03:54.486Z", "user": 1, "content_type": 5, "object_id": "2", "object_repr": "sample", "action_flag": 3, "change_message": ""}}, {"model": "admin.logentry", "pk": 12, "fields": {"action_time": "2018-07-06T07:03:54.564Z", "user": 1, "content_type": 5, "object_id": "1", "object_repr": "sample", "action_flag": 3, "change_message": ""}}, {"model": "admin.logentry", "pk": 13, "fields": {"action_time": "2018-07-06T07:09:22.182Z", "user": 1, "content_type": 9, "object_id": "1", "object_repr": "title", "action_flag": 3, "change_message": ""}}, {"model": "admin.logentry", "pk": 14, "fields": {"action_time": "2018-07-06T07:09:37.152Z", "user": 1, "content_type": 7, "object_id": "1", "object_repr": "ghjkl", "action_flag": 3, "change_message": ""}}, {"model": "admin.logentry", "pk": 15, "fields": {"action_time": "2018-07-06T07:27:31.300Z", "user": 2, "content_type": 5, "object_id": "4", "object_repr": "Mood Indigo", "action_flag": 1, "change_message": "[{\"added\": {}}]"}}, {"model": "admin.logentry", "pk": 16, "fields": {"action_time": "2018-07-06T07:28:30.437Z", "user": 1, "content_type": 4, "object_id": "2", "object_repr": "CITY", "action_flag": 1, "change_message": "[{\"added\": {}}]"}}, {"model": "admin.logentry", "pk": 17, "fields": {"action_time": "2018-07-06T07:28:35.822Z", "user": 1, "content_type": 4, "object_id": "3", "object_repr": "WARD 2", "action_flag": 1, "change_message": "[{\"added\": {}}]"}}, {"model": "admin.logentry", "pk": 18, "fields": {"action_time": "2018-07-06T07:28:39.815Z", "user": 1, "content_type": 4, "object_id": "4", "object_repr": "WARD 3", "action_flag": 1, "change_message": "[{\"added\": {}}]"}}, {"model": "admin.logentry", "pk": 19, "fields": {"action_time": "2018-07-06T07:28:44.212Z", "user": 1, "content_type": 4, "object_id": "5", "object_repr": "WARD 4", "action_flag": 1, "change_message": "[{\"added\": {}}]"}}, {"model": "admin.logentry", "pk": 20, "fields": {"action_time": "2018-07-06T07:28:56.503Z", "user": 1, "content_type": 6, "object_id": "2", "object_repr": "CULTURAL", "action_flag": 1, "change_message": "[{\"added\": {}}]"}}, {"model": "admin.logentry", "pk": 21, "fields": {"action_time": "2018-07-06T07:29:06.295Z", "user": 1, "content_type": 6, "object_id": "3", "object_repr": "OTHERS", "action_flag": 1, "change_message": "[{\"added\": {}}]"}}, {"model": "admin.logentry", "pk": 22, "fields": {"action_time": "2018-07-06T07:29:14.960Z", "user": 1, "content_type": 6, "object_id": "4", "object_repr": "HEALTH", "action_flag": 1, "change_message": "[{\"added\": {}}]"}}, {"model": "admin.logentry", "pk": 23, "fields": {"action_time": "2018-07-06T07:29:38.885Z", "user": 1, "content_type": 5, "object_id": "5", "object_repr": "Mood Indigo", "action_flag": 1, "change_message": "[{\"added\": {}}]"}}, {"model": "admin.logentry", "pk": 24, "fields": {"action_time": "2018-07-06T07:29:48.298Z", "user": 1, "content_type": 5, "object_id": "4", "object_repr": "Mood Indigo", "action_flag": 3, "change_message": ""}}, {"model": "admin.logentry", "pk": 25, "fields": {"action_time": "2018-07-06T07:36:07.523Z", "user": 1, "content_type": 9, "object_id": "2", "object_repr": "Elections 2019", "action_flag": 1, "change_message": "[{\"added\": {}}, {\"added\": {\"object\": \"Bhartiya Janta Party\", \"name\": \"choice\"}}, {\"added\": {\"object\": \"Indian National Congress\", \"name\": \"choice\"}}]"}}, {"model": "admin.logentry", "pk": 26, "fields": {"action_time": "2018-07-06T07:38:11.437Z", "user": 1, "content_type": 7, "object_id": "2", "object_repr": "Pay Electricity Bills", "action_flag": 1, "change_message": "[{\"added\": {}}]"}}, {"model": "admin.logentry", "pk": 27, "fields": {"action_time": "2018-07-06T07:51:25.605Z", "user": 1, "content_type": 5, "object_id": "6", "object_repr": "Essay Writing Competition", "action_flag": 1, "change_message": "[{\"added\": {}}]"}}, {"model": "admin.logentry", "pk": 28, "fields": {"action_time": "2018-07-09T08:59:25.006Z", "user": 2, "content_type": 5, "object_id": "6", "object_repr": "Essay Writing Competition", "action_flag": 2, "change_message": "[]"}}, {"model": "admin.logentry", "pk": 29, "fields": {"action_time": "2018-07-09T08:59:48.327Z", "user": 2, "content_type": 5, "object_id": "5", "object_repr": "Mood Indigo", "action_flag": 2, "change_message": "[{\"changed\": {\"fields\": [\"event_description\"]}}]"}}, {"model": "admin.logentry", "pk": 30, "fields": {"action_time": "2018-07-09T09:26:08.316Z", "user": 1, "content_type": 11, "object_id": "1", "object_repr": "Request object (1)", "action_flag": 2, "change_message": "[{\"changed\": {\"fields\": [\"approval\"]}}]"}}, {"model": "admin.logentry", "pk": 31, "fields": {"action_time": "2018-07-11T12:26:04.642Z", "user": 1, "content_type": 19, "object_id": "1", "object_repr": "Point object (1)", "action_flag": 1, "change_message": "[{\"added\": {}}]"}}, {"model": "admin.logentry", "pk": 32, "fields": {"action_time": "2018-07-11T12:26:12.385Z", "user": 1, "content_type": 19, "object_id": "2", "object_repr": "Point object (2)", "action_flag": 1, "change_message": "[{\"added\": {}}]"}}, {"model": "admin.logentry", "pk": 33, "fields": {"action_time": "2018-07-11T12:26:20.179Z", "user": 1, "content_type": 19, "object_id": "3", "object_repr": "Point object (3)", "action_flag": 1, "change_message": "[{\"added\": {}}]"}}, {"model": "admin.logentry", "pk": 34, "fields": {"action_time": "2018-07-12T06:14:41.055Z", "user": 1, "content_type": 1, "object_id": "1", "object_repr": "Ward object (1)", "action_flag": 2, "change_message": "[{\"changed\": {\"fields\": [\"wards\"]}}]"}}, {"model": "admin.logentry", "pk": 35, "fields": {"action_time": "2018-07-12T06:22:17.102Z", "user": 1, "content_type": 1, "object_id": "2", "object_repr": "Ward object (2)", "action_flag": 1, "change_message": "[{\"added\": {}}]"}}, {"model": "admin.logentry", "pk": 36, "fields": {"action_time": "2018-07-12T06:23:22.811Z", "user": 1, "content_type": 1, "object_id": "3", "object_repr": "Ward object (3)", "action_flag": 1, "change_message": "[{\"added\": {}}]"}}, {"model": "admin.logentry", "pk": 37, "fields": {"action_time": "2018-07-12T06:30:15.953Z", "user": 1, "content_type": 1, "object_id": "3", "object_repr": "Ward object (3)", "action_flag": 2, "change_message": "[{\"changed\": {\"fields\": [\"wards\"]}}]"}}, {"model": "admin.logentry", "pk": 38, "fields": {"action_time": "2018-07-12T07:04:40.272Z", "user": 1, "content_type": 5, "object_id": "5", "object_repr": "Mood Indigo", "action_flag": 2, "change_message": "[{\"changed\": {\"fields\": [\"publishing_location\"]}}]"}}, {"model": "admin.logentry", "pk": 39, "fields": {"action_time": "2018-07-12T07:36:43.731Z", "user": 1, "content_type": 19, "object_id": "1", "object_repr": "Point object (1)", "action_flag": 2, "change_message": "[{\"changed\": {\"fields\": [\"on\"]}}]"}}, {"model": "admin.logentry", "pk": 40, "fields": {"action_time": "2018-07-12T08:46:41.367Z", "user": 1, "content_type": 19, "object_id": "3", "object_repr": "Point object (3)", "action_flag": 2, "change_message": "[{\"changed\": {\"fields\": [\"on\"]}}]"}}, {"model": "admin.logentry", "pk": 41, "fields": {"action_time": "2018-07-12T08:46:46.801Z", "user": 1, "content_type": 19, "object_id": "2", "object_repr": "Point object (2)", "action_flag": 2, "change_message": "[{\"changed\": {\"fields\": [\"on\"]}}]"}}, {"model": "admin.logentry", "pk": 42, "fields": {"action_time": "2018-07-12T08:46:51.672Z", "user": 1, "content_type": 19, "object_id": "1", "object_repr": "Point object (1)", "action_flag": 2, "change_message": "[{\"changed\": {\"fields\": [\"on\"]}}]"}}, {"model": "admin.logentry", "pk": 43, "fields": {"action_time": "2018-07-12T10:13:25.979Z", "user": 1, "content_type": 19, "object_id": "3", "object_repr": "Point object (3)", "action_flag": 2, "change_message": "[{\"changed\": {\"fields\": [\"on\"]}}]"}}, {"model": "admin.logentry", "pk": 44, "fields": {"action_time": "2018-07-12T10:28:13.906Z", "user": 1, "content_type": 15, "object_id": "3", "object_repr": "user1", "action_flag": 2, "change_message": "[{\"changed\": {\"fields\": [\"first_name\", \"last_name\"]}}]"}}, {"model": "admin.logentry", "pk": 45, "fields": {"action_time": "2018-07-12T10:29:06.074Z", "user": 1, "content_type": 19, "object_id": "1", "object_repr": "Point object (1)", "action_flag": 2, "change_message": "[{\"changed\": {\"fields\": [\"on\"]}}]"}}, {"model": "admin.logentry", "pk": 46, "fields": {"action_time": "2018-07-12T10:29:21.894Z", "user": 1, "content_type": 19, "object_id": "2", "object_repr": "Point object (2)", "action_flag": 2, "change_message": "[{\"changed\": {\"fields\": [\"on\"]}}]"}}, {"model": "admin.logentry", "pk": 47, "fields": {"action_time": "2018-07-12T11:18:54.738Z", "user": 2, "content_type": 5, "object_id": "5", "object_repr": "Mood Indigo", "action_flag": 2, "change_message": "[]"}}, {"model": "admin.logentry", "pk": 48, "fields": {"action_time": "2018-07-12T11:19:03.042Z", "user": 2, "content_type": 5, "object_id": "6", "object_repr": "Essay Writing Competition", "action_flag": 2, "change_message": "[{\"changed\": {\"fields\": [\"event_category\"]}}]"}}, {"model": "admin.logentry", "pk": 49, "fields": {"action_time": "2018-07-13T05:57:02.063Z", "user": 1, "content_type": 19, "object_id": "4", "object_repr": "Point object (4)", "action_flag": 1, "change_message": "[{\"added\": {}}]"}}, {"model": "admin.logentry", "pk": 50, "fields": {"action_time": "2018-07-13T05:57:15.256Z", "user": 1, "content_type": 19, "object_id": "5", "object_repr": "Point object (5)", "action_flag": 1, "change_message": "[{\"added\": {}}]"}}, {"model": "admin.logentry", "pk": 51, "fields": {"action_time": "2018-07-13T05:57:27.905Z", "user": 1, "content_type": 19, "object_id": "6", "object_repr": "Point object (6)", "action_flag": 1, "change_message": "[{\"added\": {}}]"}}, {"model": "admin.logentry", "pk": 52, "fields": {"action_time": "2018-07-13T05:58:19.717Z", "user": 1, "content_type": 19, "object_id": "7", "object_repr": "Point object (7)", "action_flag": 1, "change_message": "[{\"added\": {}}]"}}, {"model": "admin.logentry", "pk": 53, "fields": {"action_time": "2018-07-13T05:58:30.722Z", "user": 1, "content_type": 19, "object_id": "8", "object_repr": "Point object (8)", "action_flag": 1, "change_message": "[{\"added\": {}}]"}}, {"model": "admin.logentry", "pk": 54, "fields": {"action_time": "2018-07-13T05:58:41.613Z", "user": 1, "content_type": 19, "object_id": "9", "object_repr": "Point object (9)", "action_flag": 1, "change_message": "[{\"added\": {}}]"}}, {"model": "admin.logentry", "pk": 55, "fields": {"action_time": "2018-07-13T06:03:34.145Z", "user": 1, "content_type": 4, "object_id": "2", "object_repr": "WARD 5", "action_flag": 2, "change_message": "[{\"changed\": {\"fields\": [\"location_name\"]}}]"}}, {"model": "admin.logentry", "pk": 56, "fields": {"action_time": "2018-07-13T06:08:10.496Z", "user": 1, "content_type": 6, "object_id": "4", "object_repr": "HEALTH", "action_flag": 3, "change_message": ""}}, {"model": "admin.logentry", "pk": 57, "fields": {"action_time": "2018-07-13T06:08:10.610Z", "user": 1, "content_type": 6, "object_id": "3", "object_repr": "OTHERS", "action_flag": 3, "change_message": ""}}, {"model": "admin.logentry", "pk": 58, "fields": {"action_time": "2018-07-13T06:08:10.700Z", "user": 1, "content_type": 6, "object_id": "2", "object_repr": "CULTURAL", "action_flag": 3, "change_message": ""}}, {"model": "admin.logentry", "pk": 59, "fields": {"action_time": "2018-07-13T06:08:10.822Z", "user": 1, "content_type": 6, "object_id": "1", "object_repr": "SOCIAL", "action_flag": 3, "change_message": ""}}, {"model": "admin.logentry", "pk": 60, "fields": {"action_time": "2018-07-13T06:08:34.696Z", "user": 1, "content_type": 6, "object_id": "5", "object_repr": "Health", "action_flag": 1, "change_message": "[{\"added\": {}}]"}}, {"model": "admin.logentry", "pk": 61, "fields": {"action_time": "2018-07-13T06:08:39.505Z", "user": 1, "content_type": 6, "object_id": "6", "object_repr": "Environment", "action_flag": 1, "change_message": "[{\"added\": {}}]"}}, {"model": "admin.logentry", "pk": 62, "fields": {"action_time": "2018-07-13T06:08:45.119Z", "user": 1, "content_type": 6, "object_id": "7", "object_repr": "Development", "action_flag": 1, "change_message": "[{\"added\": {}}]"}}, {"model": "admin.logentry", "pk": 63, "fields": {"action_time": "2018-07-13T06:08:58.847Z", "user": 1, "content_type": 6, "object_id": "8", "object_repr": "Waste Management", "action_flag": 1, "change_message": "[{\"added\": {}}]"}}, {"model": "admin.logentry", "pk": 64, "fields": {"action_time": "2018-07-13T06:09:09.584Z", "user": 1, "content_type": 6, "object_id": "9", "object_repr": "Weather", "action_flag": 1, "change_message": "[{\"added\": {}}]"}}, {"model": "admin.logentry", "pk": 65, "fields": {"action_time": "2018-07-13T06:09:21.666Z", "user": 1, "content_type": 6, "object_id": "10", "object_repr": "Cultural", "action_flag": 1, "change_message": "[{\"added\": {}}]"}}, {"model": "admin.logentry", "pk": 66, "fields": {"action_time": "2018-07-13T06:09:25.985Z", "user": 1, "content_type": 6, "object_id": "11", "object_repr": "Social", "action_flag": 1, "change_message": "[{\"added\": {}}]"}}, {"model": "admin.logentry", "pk": 67, "fields": {"action_time": "2018-07-13T06:09:37.945Z", "user": 1, "content_type": 6, "object_id": "12", "object_repr": "Campaign", "action_flag": 1, "change_message": "[{\"added\": {}}]"}}, {"model": "admin.logentry", "pk": 68, "fields": {"action_time": "2018-07-13T06:09:55.988Z", "user": 1, "content_type": 6, "object_id": "13", "object_repr": "Alert", "action_flag": 1, "change_message": "[{\"added\": {}}]"}}, {"model": "admin.logentry", "pk": 69, "fields": {"action_time": "2018-07-13T06:10:19.026Z", "user": 1, "content_type": 4, "object_id": "5", "object_repr": "WARD 4", "action_flag": 3, "change_message": ""}}, {"model": "admin.logentry", "pk": 70, "fields": {"action_time": "2018-07-13T06:10:19.134Z", "user": 1, "content_type": 4, "object_id": "4", "object_repr": "WARD 3", "action_flag": 3, "change_message": ""}}, {"model": "admin.logentry", "pk": 71, "fields": {"action_time": "2018-07-13T06:10:19.300Z", "user": 1, "content_type": 4, "object_id": "3", "object_repr": "WARD 2", "action_flag": 3, "change_message": ""}}, {"model": "admin.logentry", "pk": 72, "fields": {"action_time": "2018-07-13T06:10:19.486Z", "user": 1, "content_type": 4, "object_id": "2", "object_repr": "WARD 5", "action_flag": 3, "change_message": ""}}, {"model": "admin.logentry", "pk": 73, "fields": {"action_time": "2018-07-13T06:10:19.608Z", "user": 1, "content_type": 4, "object_id": "1", "object_repr": "WARD 1", "action_flag": 3, "change_message": ""}}, {"model": "admin.logentry", "pk": 74, "fields": {"action_time": "2018-07-13T06:10:30.433Z", "user": 1, "content_type": 4, "object_id": "6", "object_repr": "Mahadevapura", "action_flag": 1, "change_message": "[{\"added\": {}}]"}}, {"model": "admin.logentry", "pk": 75, "fields": {"action_time": "2018-07-13T06:11:28.446Z", "user": 1, "content_type": 4, "object_id": "7", "object_repr": "HSR Layout", "action_flag": 1, "change_message": "[{\"added\": {}}]"}}, {"model": "admin.logentry", "pk": 76, "fields": {"action_time": "2018-07-13T06:12:17.796Z", "user": 1, "content_type": 4, "object_id": "8", "object_repr": "Bengaluru City", "action_flag": 1, "change_message": "[{\"added\": {}}]"}}, {"model": "admin.logentry", "pk": 77, "fields": {"action_time": "2018-07-13T06:14:31.842Z", "user": 1, "content_type": 11, "object_id": "7", "object_repr": "Request object (7)", "action_flag": 2, "change_message": "[{\"changed\": {\"fields\": [\"approval\"]}}]"}}, {"model": "admin.logentry", "pk": 78, "fields": {"action_time": "2018-07-13T06:25:33.285Z", "user": 1, "content_type": 7, "object_id": "2", "object_repr": "Pay Electricity Bills", "action_flag": 2, "change_message": "[{\"changed\": {\"fields\": [\"notice_description\", \"publishing_location\", \"publishing_date\"]}}]"}}, {"model": "admin.logentry", "pk": 79, "fields": {"action_time": "2018-07-13T06:28:23.688Z", "user": 1, "content_type": 7, "object_id": "3", "object_repr": "Reap benefits from Source Segregation of Municipal Solid Waste", "action_flag": 1, "change_message": "[{\"added\": {}}]"}}, {"model": "admin.logentry", "pk": 80, "fields": {"action_time": "2018-07-13T06:31:21.786Z", "user": 1, "content_type": 7, "object_id": "4", "object_repr": "TenderSure Roads in your Locality", "action_flag": 1, "change_message": "[{\"added\": {}}]"}}, {"model": "admin.logentry", "pk": 81, "fields": {"action_time": "2018-07-13T06:34:16.984Z", "user": 1, "content_type": 5, "object_id": "6", "object_repr": "Essay Writing Competition", "action_flag": 2, "change_message": "[{\"changed\": {\"fields\": [\"event_category\", \"publishing_location\", \"pub_date\"]}}]"}}, {"model": "admin.logentry", "pk": 82, "fields": {"action_time": "2018-07-13T06:36:37.782Z", "user": 1, "content_type": 5, "object_id": "7", "object_repr": "Blood Donation Campaign", "action_flag": 1, "change_message": "[{\"added\": {}}]"}}, {"model": "admin.logentry", "pk": 83, "fields": {"action_time": "2018-07-13T06:37:09.652Z", "user": 1, "content_type": 5, "object_id": "5", "object_repr": "Mood Indigo", "action_flag": 3, "change_message": ""}}, {"model": "admin.logentry", "pk": 84, "fields": {"action_time": "2018-07-13T06:41:04.810Z", "user": 1, "content_type": 7, "object_id": "5", "object_repr": "Generally Cloudy Weather with a few spells of Rain/Showers", "action_flag": 1, "change_message": "[{\"added\": {}}]"}}, {"model": "admin.logentry", "pk": 85, "fields": {"action_time": "2018-07-13T06:47:10.435Z", "user": 1, "content_type": 9, "object_id": "3", "object_repr": "Happy Streets Sunday Poll", "action_flag": 1, "change_message": "[{\"added\": {}}, {\"added\": {\"name\": \"choice\", \"object\": \"Yoga Session\"}}, {\"added\": {\"name\": \"choice\", \"object\": \"Zumba Performance\"}}, {\"added\": {\"name\": \"choice\", \"object\": \"Street Football\"}}, {\"added\": {\"name\": \"choice\", \"object\": \"Cycling Track\"}}, {\"added\": {\"name\": \"choice\", \"object\": \"Gulley Cricket\"}}]"}}, {"model": "admin.logentry", "pk": 86, "fields": {"action_time": "2018-07-13T06:47:19.133Z", "user": 1, "content_type": 9, "object_id": "2", "object_repr": "Elections 2019", "action_flag": 3, "change_message": ""}}, {"model": "admin.logentry", "pk": 87, "fields": {"action_time": "2018-07-13T06:51:34.967Z", "user": 1, "content_type": 9, "object_id": "4", "object_repr": "Citizen Petition: Privatisation of Lake Clean Up", "action_flag": 1, "change_message": "[{\"added\": {}}, {\"added\": {\"object\": \"Yes\", \"name\": \"choice\"}}, {\"added\": {\"object\": \"No\", \"name\": \"choice\"}}, {\"added\": {\"object\": \"Neutral\", \"name\": \"choice\"}}]"}}, {"model": "admin.logentry", "pk": 88, "fields": {"action_time": "2018-07-13T06:53:02.840Z", "user": 1, "content_type": 9, "object_id": "5", "object_repr": "Sarjapur Road Waste Management Feedback", "action_flag": 1, "change_message": "[{\"added\": {}}, {\"added\": {\"object\": \"Good\", \"name\": \"choice\"}}, {\"added\": {\"object\": \"Fair\", \"name\": \"choice\"}}, {\"added\": {\"object\": \"Poor\", \"name\": \"choice\"}}]"}}, {"model": "admin.logentry", "pk": 89, "fields": {"action_time": "2018-07-13T07:01:40.371Z", "user": 2, "content_type": 9, "object_id": "5", "object_repr": "Sarjapur Road Waste Management Feedback", "action_flag": 2, "change_message": "[{\"changed\": {\"fields\": [\"poll_image\"]}}]"}}, {"model": "admin.logentry", "pk": 90, "fields": {"action_time": "2018-07-13T07:02:05.391Z", "user": 2, "content_type": 9, "object_id": "4", "object_repr": "Citizen Petition: Privatisation of Lake Clean Up", "action_flag": 2, "change_message": "[{\"changed\": {\"fields\": [\"poll_image\"]}}]"}}, {"model": "admin.logentry", "pk": 91, "fields": {"action_time": "2018-07-13T07:02:15.345Z", "user": 2, "content_type": 9, "object_id": "3", "object_repr": "Happy Streets Sunday Poll", "action_flag": 2, "change_message": "[{\"changed\": {\"fields\": [\"poll_image\"]}}]"}}, {"model": "admin.logentry", "pk": 92, "fields": {"action_time": "2018-07-13T07:07:14.621Z", "user": 1, "content_type": 5, "object_id": "8", "object_repr": "Independence Day Celebrations", "action_flag": 1, "change_message": "[{\"added\": {}}]"}}, {"model": "admin.logentry", "pk": 93, "fields": {"action_time": "2018-07-13T07:13:16.198Z", "user": 1, "content_type": 5, "object_id": "7", "object_repr": "Blood Donation Campaign", "action_flag": 2, "change_message": "[{\"changed\": {\"fields\": [\"event_description\"]}}]"}}, {"model": "admin.logentry", "pk": 94, "fields": {"action_time": "2018-07-13T07:29:24.744Z", "user": 2, "content_type": 5, "object_id": "9", "object_repr": "Sample Event", "action_flag": 1, "change_message": "[{\"added\": {}}]"}}, {"model": "admin.logentry", "pk": 95, "fields": {"action_time": "2018-07-13T07:35:42.989Z", "user": 2, "content_type": 9, "object_id": "6", "object_repr": "rating of demos", "action_flag": 1, "change_message": "[{\"added\": {}}, {\"added\": {\"object\": \"5 - excellent\", \"name\": \"choice\"}}, {\"added\": {\"object\": \"4 - very good\", \"name\": \"choice\"}}, {\"added\": {\"object\": \"3 - good\", \"name\": \"choice\"}}, {\"added\": {\"object\": \"2 - avg\", \"name\": \"choice\"}}, {\"added\": {\"object\": \"1 - poor\", \"name\": \"choice\"}}]"}}, {"model": "request.requested", "pk": 1, "fields": {"user": 1, "event": 6}}, {"model": "polls.voted", "pk": 5, "fields": {"user": 3, "poll": 3, "choice": 5}}, {"model": "polls.voted", "pk": 6, "fields": {"user": 5, "poll": 5, "choice": 13}}, {"model": "polls.voted", "pk": 7, "fields": {"user": 3, "poll": 5, "choice": 13}}, {"model": "polls.voted", "pk": 8, "fields": {"user": 3, "poll": 6, "choice": 16}}, {"model": "polls.voted", "pk": 9, "fields": {"user": 5, "poll": 6, "choice": 16}}, {"model": "events.attended", "pk": 5, "fields": {"user": 2, "event": 6}}, {"model": "events.attended", "pk": 6, "fields": {"user": 3, "event": 7}}, {"model": "events.attended", "pk": 7, "fields": {"user": 5, "event": 7}}, {"model": "events.attended", "pk": 8, "fields": {"user": 5, "event": 8}}, {"model": "events.attended", "pk": 9, "fields": {"user": 3, "event": 6}}, {"model": "events.attended", "pk": 10, "fields": {"user": 5, "event": 9}}, {"model": "accounts.ward", "pk": 3, "fields": {"user": 3, "wards": [6, 7, 8]}}, {"model": "accounts.ward", "pk": 4, "fields": {"user": 4, "wards": [6, 7, 8]}}, {"model": "accounts.ward", "pk": 5, "fields": {"user": 5, "wards": [6, 7, 8]}}, {"model": "accounts.ward", "pk": 6, "fields": {"user": 6, "wards": [6, 7, 8]}}]